,Model,TP,FP,TN,FN,Sensitivity,Specificity,Cutoff,Accuracy,F1 Score,Recall Score,AUC,NumFeatures
3,"RFE, XGBoost, 'y_better_off_dead__More_than_half_the_days'",6,250,1343,1,8.571428571428571e-01,0.8430634023854363,0.4300000000000002,0.8501031297641467,0.04562737642585551,0.8571428571428571,0.9158819836785939,33
2,"RFE, Random Forest, 'y_better_off_dead__More_than_half_the_days'",6,265,1328,1,0.8571428571428571,0.8336472065285625,0.4400000000000002,0.8453950318357097,0.043165467625899276,0.8571428571428571,0.905389651152363,33
4,"RFE, AdaBoostClassifier, 'y_better_off_dead__More_than_half_the_days'",5,248,1345,2,0.7142857142857143,0.8443188951663528,0.47000000000000025,0.7793023047260336,0.038461538461538464,0.7142857142857143,0.7231190027800198,33
0,"RFE, Logistic Regression, 'y_better_off_dead__More_than_half_the_days'",6,503,1090,1,0.8571428571428571,0.6842435655994978,0.02,0.7706932113711775,0.023255813953488372,0.8571428571428571,0.7808268316742892,33
1,"RFE, Decision Tree, 'y_better_off_dead__More_than_half_the_days'",4,66,1527,3,0.5714285714285714,0.9585687382297552,0.8600000000000005,0.7649986548291633,0.10389610389610389,0.5714285714285714,0.7457627118644067,33
5,"RFE, BaggingClassifier, 'y_better_off_dead__More_than_half_the_days'",2,48,1545,5,0.2857142857142857,0.9698681732580038,0.01,0.6277912294861447,0.07017543859649124,0.2857142857142857,0.6279257465698144,33
